date,race_id,jyo_code,venue,race_no,post_time,bet_type,bet_type_code,combo,amount,group_id,group_method,group_points,odds,ninki,ev,ev_low,judge,source,odds_time,finished,refunded,hit,payout_yen,payout_ninki,return,profit
20260912,202606040308,06,中山,8,13:40,馬連,4,04-08,100,G001,nagashi,2,32.0,15,0.773,0.687,pass,ref,2026-09-12 10:35:51,1,,,,,0,-100
20260912,202606040308,06,中山,8,13:40,馬連,4,04-07,100,G001,nagashi,2,113.6,30,1.337,1.154,buy,ref,2026-09-12 10:35:51,1,,,,,0,-100
20260912,202606040308,06,中山,8,13:40,馬単,6,04>08,100,G002,nagashi_1st,2,89.1,41,0.966,0.816,pass,ref,2026-09-12 10:35:51,1,,,,,0,-100
20260912,202606040308,06,中山,8,13:40,馬単,6,04>07,100,G002,nagashi_1st,2,249.7,66,1.473,1.267,buy,ref,2026-09-12 10:35:51,1,,,,,0,-100
20260912,202606040308,06,中山,8,13:40,3連複,7,04-07-08,100,G003,nagashi,1,169.0,55,1.054,0.906,apparent,ref,2026-09-12 10:35:51,1,,,,,0,-100
20260912,202609040308,09,阪神,8,13:55,馬連,4,06-07,100,G004,nagashi,1,9.3,3,0.905,0.780,pass,ref,2026-09-12 10:50:56,1,,,,,0,-100
20260912,202609040308,09,阪神,8,13:55,馬単,6,06>07,100,G005,nagashi_1st,1,18.9,6,0.876,0.740,pass,ref,2026-09-12 10:50:56,1,,,,,0,-100
20260912,202606040309,06,中山,9,14:10,馬連,4,10-12,100,G006,nagashi,2,7.2,2,0.293,0.250,pass,ref,2026-09-12 11:06:52,1,,,,,0,-100
20260912,202606040309,06,中山,9,14:10,馬連,4,10-13,100,G006,nagashi,2,26.8,9,2.142,1.864,buy,ref,2026-09-12 11:06:52,1,,,,,0,-100
20260912,202606040309,06,中山,9,14:10,馬単,6,10>12,100,G007,nagashi_1st,2,19.6,6,0.356,0.288,pass,ref,2026-09-12 11:06:52,1,,,,,0,-100
20260912,202606040309,06,中山,9,14:10,馬単,6,10>13,100,G007,nagashi_1st,2,54.1,16,1.641,1.295,buy,ref,2026-09-12 11:06:52,1,,,,,0,-100
20260912,202606040309,06,中山,9,14:10,3連複,7,10-12-13,100,G008,nagashi,1,14.2,3,0.801,0.566,pass,ref,2026-09-12 11:06:52,1,,,,,0,-100
20260912,202609040309,09,阪神,9,14:25,馬連,4,04-12,100,G009,nagashi,2,13.4,3,0.488,0.428,pass,ref,2026-09-12 11:21:57,1,,,,,0,-100
20260912,202609040309,09,阪神,9,14:25,馬連,4,04-10,100,G009,nagashi,2,52.1,19,0.632,0.527,pass,ref,2026-09-12 11:21:57,1,,,,,0,-100
20260912,202609040309,09,阪神,9,14:25,馬単,6,04>12,100,G010,nagashi_1st,2,24.4,4,0.444,0.387,pass,ref,2026-09-12 11:21:57,1,,,,,0,-100
20260912,202609040309,09,阪神,9,14:25,馬単,6,04>10,100,G010,nagashi_1st,2,93.3,34,0.652,0.494,pass,ref,2026-09-12 11:21:57,1,,,,,0,-100
20260912,202609040309,09,阪神,9,14:25,3連複,7,04-10-12,100,G011,nagashi,3,59.0,20,0.347,0.286,pass,ref,2026-09-12 11:21:57,1,,,,,0,-100
20260912,202609040309,09,阪神,9,14:25,3連複,7,04-05-12,100,G011,nagashi,3,113.2,37,0.636,0.524,pass,ref,2026-09-12 11:21:57,1,,,,,0,-100
20260912,202609040309,09,阪神,9,14:25,3連複,7,04-05-10,100,G011,nagashi,3,424.7,119,0.838,0.533,pass,ref,2026-09-12 11:21:57,1,,,,,0,-100
20260912,202606040310,06,中山,10,14:50,馬連,4,01-02,100,G012,nagashi,2,36.6,15,1.318,1.217,buy,ref,2026-09-12 10:45:16,1,,,,,0,-100
20260912,202606040310,06,中山,10,14:50,馬連,4,02-08,100,G012,nagashi,2,55.5,20,1.137,1.045,buy,ref,2026-09-12 10:45:16,1,,,,,0,-100
20260912,202606040310,06,中山,10,14:50,馬単,6,02>01,100,G013,nagashi_1st,2,88.2,32,1.408,1.238,buy,ref,2026-09-12 10:45:16,1,,,,,0,-100
20260912,202606040310,06,中山,10,14:50,馬単,6,02>08,100,G013,nagashi_1st,2,91.8,35,0.919,0.854,pass,ref,2026-09-12 10:45:16,1,,,,,0,-100
20260912,202606040310,06,中山,10,14:50,3連複,7,01-02-08,100,G014,nagashi,1,108.0,37,1.492,1.318,buy,ref,2026-09-12 10:45:16,1,,,,,0,-100
20260912,202609040310,09,阪神,10,15:05,馬連,4,07-12,100,G015,nagashi,2,64.2,21,1.408,1.307,buy,ref,2026-09-12 11:00:21,1,,,,,0,-100
20260912,202609040310,09,阪神,10,15:05,馬連,4,05-07,100,G015,nagashi,2,9.2,1,0.609,0.544,pass,ref,2026-09-12 11:00:21,1,,,,,0,-100
20260912,202609040310,09,阪神,10,15:05,馬単,6,07>12,100,G016,nagashi_1st,2,93.1,35,1.257,1.081,buy,ref,2026-09-12 11:00:21,1,,,,,0,-100
20260912,202609040310,09,阪神,10,15:05,馬単,6,07>05,100,G016,nagashi_1st,2,15.7,1,0.559,0.506,pass,ref,2026-09-12 11:00:21,1,,,,,0,-100
20260912,202609040310,09,阪神,10,15:05,3連複,7,05-07-12,100,G017,nagashi,1,69.9,19,0.751,0.632,pass,ref,2026-09-12 11:00:21,1,,,,,0,-100
20260912,202606040311,06,中山,11,15:30,馬連,4,04-05,100,G018,nagashi,2,65.0,26,0.984,0.883,pass,ref,2026-09-12 10:27:41,1,4,,,,0,0
20260912,202606040311,06,中山,11,15:30,馬連,4,04-06,100,G018,nagashi,2,112.4,44,0.886,0.775,pass,ref,2026-09-12 10:27:41,1,4,,,,0,0
20260912,202606040311,06,中山,11,15:30,馬単,6,04>05,100,G019,nagashi_1st,2,143.8,59,1.020,0.885,apparent,ref,2026-09-12 10:27:41,1,4,,,,0,0
20260912,202606040311,06,中山,11,15:30,馬単,6,04>06,100,G019,nagashi_1st,2,227.0,89,0.918,0.787,pass,ref,2026-09-12 10:27:41,1,4,,,,0,0
20260912,202606040311,06,中山,11,15:30,3連複,7,04-05-06,100,G020,nagashi,1,205.7,66,0.590,0.521,pass,ref,2026-09-12 10:27:41,1,4,,,,0,0
20260912,202609040311,09,阪神,11,15:45,馬連,4,04-09,100,G021,nagashi,2,28.1,8,0.991,0.869,pass,ref,2026-09-12 10:42:51,1,,,,,0,-100
20260912,202609040311,09,阪神,11,15:45,馬連,4,04-10,100,G021,nagashi,2,58.8,21,0.849,0.759,pass,ref,2026-09-12 10:42:51,1,,,,,0,-100
20260912,202609040311,09,阪神,11,15:45,馬単,6,04>09,100,G022,nagashi_1st,2,69.5,23,1.047,0.857,apparent,ref,2026-09-12 10:42:51,1,,,,,0,-100
20260912,202609040311,09,阪神,11,15:45,馬単,6,04>10,100,G022,nagashi_1st,2,126.0,46,0.903,0.807,pass,ref,2026-09-12 10:42:51,1,,,,,0,-100
20260912,202609040311,09,阪神,11,15:45,3連複,7,04-09-10,100,G023,nagashi,6,66.5,17,0.673,0.544,pass,ref,2026-09-12 10:42:51,1,,,,,0,-100
20260912,202609040311,09,阪神,11,15:45,3連複,7,04-07-09,100,G023,nagashi,6,98.2,28,0.923,0.758,pass,ref,2026-09-12 10:42:51,1,,,,,0,-100
20260912,202609040311,09,阪神,11,15:45,3連複,7,04-09-11,100,G023,nagashi,6,45.5,9,0.857,0.664,pass,ref,2026-09-12 10:42:51,1,,,,,0,-100
20260912,202609040311,09,阪神,11,15:45,3連複,7,04-07-10,100,G023,nagashi,6,237.3,77,0.937,0.825,pass,ref,2026-09-12 10:42:51,1,,,,,0,-100
20260912,202609040311,09,阪神,11,15:45,3連複,7,04-10-11,100,G023,nagashi,6,106.3,30,0.854,0.722,pass,ref,2026-09-12 10:42:51,1,,,,,0,-100
20260912,202609040311,09,阪神,11,15:45,3連複,7,04-07-11,100,G023,nagashi,6,134.1,44,0.999,0.860,pass,ref,2026-09-12 10:42:51,1,,,,,0,-100
20260912,202606040312,06,中山,12,16:10,馬連,4,03-12,100,G024,nagashi,1,17.4,5,0.797,0.648,pass,ref,2026-09-12 11:05:22,1,,,,,0,-100
20260912,202606040312,06,中山,12,16:10,馬単,6,03>12,100,G025,nagashi_1st,1,41.8,13,0.822,0.629,pass,ref,2026-09-12 11:05:22,1,,,,,0,-100
20260912,202606040312,06,中山,12,16:10,3連複,7,03-12-14,100,G026,nagashi,1,18.8,3,0.332,0.246,pass,ref,2026-09-12 11:05:22,1,,,,,0,-100
20260912,202609040312,09,阪神,12,16:30,馬連,4,15-16,100,G027,nagashi,2,78.6,28,1.996,1.744,buy,ref,2026-09-12 10:26:46,1,,,,,0,-100
20260912,202609040312,09,阪神,12,16:30,馬連,4,10-15,100,G027,nagashi,2,54.5,18,1.764,1.569,buy,ref,2026-09-12 10:26:46,1,,,,,0,-100
20260912,202609040312,09,阪神,12,16:30,馬単,6,15>16,100,G028,nagashi_1st,2,181.9,62,2.170,1.838,buy,ref,2026-09-12 10:26:46,1,,,,,0,-100
20260912,202609040312,09,阪神,12,16:30,馬単,6,15>10,100,G028,nagashi_1st,2,120.9,40,1.762,1.488,buy,ref,2026-09-12 10:26:46,1,,,,,0,-100
20260912,202609040312,09,阪神,12,16:30,3連複,7,10-15-16,100,G029,nagashi,1,119.4,36,1.685,1.303,buy,ref,2026-09-12 10:26:46,1,,,,,0,-100
